{
  "layout": {
    "colorway": [
      "rgb(76,114,176)",
      "rgb(221,132,82)",
      "rgb(85,168,104)",
      "rgb(196,78,82)",
      "rgb(129,114,179)",
      "rgb(147,120,96)",
      "rgb(218,139,195)",
      "rgb(140,140,140)",
      "rgb(204,185,116)",
      "rgb(100,181,205)"
    ],
    "font": {
      "color": "rgb(36,36,36)"
    },
    "hovermode": "closest",
    "hoverlabel": {
      "align": "left"
    },
    "paper_bgcolor": "white",
    "plot_bgcolor": "rgb(234,234,242)",
    "polar": {
      "bgcolor": "rgb(234,234,242)",
      "angularaxis": {
        "gridcolor": "white",
        "linecolor": "white",
        "ticks": ""
      },
      "radialaxis": {
        "gridcolor": "white",
        "linecolor": "white",
        "ticks": ""
      }
    },
    "ternary": {
      "bgcolor": "rgb(234,234,242)",
      "aaxis": {
        "gridcolor": "white",
        "linecolor": "white",
        "ticks": ""
      },
      "baxis": {
        "gridcolor": "white",
        "linecolor": "white",
        "ticks": ""
      },
      "caxis": {
        "gridcolor": "white",
        "linecolor": "white",
        "ticks": ""
      }
    },
    "coloraxis": {
      "colorbar": {
        "outlinewidth": 0,
        "ticks": ""
      }
    },
    "colorscale": {
      "sequential": [
        [
          0.0,
          "rgb(2,4,25)"
        ],
        [
          0.06274509803921569,
          "rgb(24,15,41)"
        ],
        [
          0.12549019607843137,
          "rgb(47,23,57)"
        ],
        [
          0.18823529411764706,
          "rgb(71,28,72)"
        ],
        [
          0.25098039215686274,
          "rgb(97,30,82)"
        ],
        [
          0.3137254901960784,
          "rgb(123,30,89)"
        ],
        [
          0.3764705882352941,
          "rgb(150,27,91)"
        ],
        [
          0.4392156862745098,
          "rgb(177,22,88)"
        ],
        [
          0.5019607843137255,
          "rgb(203,26,79)"
        ],
        [
          0.5647058823529412,
          "rgb(223,47,67)"
        ],
        [
          0.6274509803921569,
          "rgb(236,76,61)"
        ],
        [
          0.6901960784313725,
          "rgb(242,107,73)"
        ],
        [
          0.7529411764705882,
          "rgb(244,135,95)"
        ],
        [
          0.8156862745098039,
          "rgb(245,162,122)"
        ],
        [
          0.8784313725490196,
          "rgb(246,188,153)"
        ],
        [
          0.9411764705882353,
          "rgb(247,212,187)"
        ],
        [
          1.0,
          "rgb(250,234,220)"
        ]
      ],
      "sequentialminus": [
        [
          0.0,
          "rgb(2,4,25)"
        ],
        [
          0.06274509803921569,
          "rgb(24,15,41)"
        ],
        [
          0.12549019607843137,
          "rgb(47,23,57)"
        ],
        [
          0.18823529411764706,
          "rgb(71,28,72)"
        ],
        [
          0.25098039215686274,
          "rgb(97,30,82)"
        ],
        [
          0.3137254901960784,
          "rgb(123,30,89)"
        ],
        [
          0.3764705882352941,
          "rgb(150,27,91)"
        ],
        [
          0.4392156862745098,
          "rgb(177,22,88)"
        ],
        [
          0.5019607843137255,
          "rgb(203,26,79)"
        ],
        [
          0.5647058823529412,
          "rgb(223,47,67)"
        ],
        [
          0.6274509803921569,
          "rgb(236,76,61)"
        ],
        [
          0.6901960784313725,
          "rgb(242,107,73)"
        ],
        [
          0.7529411764705882,
          "rgb(244,135,95)"
        ],
        [
          0.8156862745098039,
          "rgb(245,162,122)"
        ],
        [
          0.8784313725490196,
          "rgb(246,188,153)"
        ],
        [
          0.9411764705882353,
          "rgb(247,212,187)"
        ],
        [
          1.0,
          "rgb(250,234,220)"
        ]
      ]
    },
    "xaxis": {
      "gridcolor": "white",
      "linecolor": "white",
      "ticks": "",
      "title": {
        "standoff": 15
      },
      "zerolinecolor": "white",
      "automargin": true,
      "zerolinewidth": 2
    },
    "yaxis": {
      "gridcolor": "white",
      "linecolor": "white",
      "ticks": "",
      "title": {
        "standoff": 15
      },
      "zerolinecolor": "white",
      "automargin": true,
      "zerolinewidth": 2
    },
    "scene": {
      "xaxis": {
        "backgroundcolor": "rgb(234,234,242)",
        "gridcolor": "white",
        "linecolor": "white",
        "showbackground": true,
        "ticks": "",
        "zerolinecolor": "white",
        "gridwidth": 2
      },
      "yaxis": {
        "backgroundcolor": "rgb(234,234,242)",
        "gridcolor": "white",
        "linecolor": "white",
        "showbackground": true,
        "ticks": "",
        "zerolinecolor": "white",
        "gridwidth": 2
      },
      "zaxis": {
        "backgroundcolor": "rgb(234,234,242)",
        "gridcolor": "white",
        "linecolor": "white",
        "showbackground": true,
        "ticks": "",
        "zerolinecolor": "white",
        "gridwidth": 2
      }
    },
    "shapedefaults": {
      "line": {
        "color": "rgb(67,103,167)"
      }
    },
    "annotationdefaults": {
      "arrowcolor": "rgb(67,103,167)",
      "arrowhead": 0,
      "arrowwidth": 1
    },
    "geo": {
      "bgcolor": "white",
      "landcolor": "rgb(234,234,242)",
      "subunitcolor": "white",
      "showland": true,
      "showlakes": true,
      "lakecolor": "white"
    },
    "title": {
      "x": 0.05
    },
    "mapbox": {
      "style": "light"
    }
  }
}